titulo,precio,ubicacion,link
Autos Usados,,"Panamá, Costa",https://www.encuentra24.com/panama-es/searchresult/autos-usados
Autos Usados,,,https://www.encuentra24.com/panama-es/searchresult/autos-usados
Panamá,,"Panamá, Costa",https://www.encuentra24.com/panama-es/clasificados
Panamá,,"Panamá, Costa",https://www.encuentra24.com/panama-es/clasificados
Vehículos,,,https://www.encuentra24.com/panama-es/autos
Inicio,,"Panamá, Provincia",https://www.encuentra24.com/panama-es/clasificados
Inicio,,"Panamá, Provincia",https://www.encuentra24.com/panama-es/clasificados
Inicio,,"Panamá, Provincia",https://www.encuentra24.com/panama-es/clasificados
Inicio,,"Panamá, Provincia",https://www.encuentra24.com/panama-es/clasificados
Inicio,,"Panamá, Provincia",https://www.encuentra24.com/panama-es/clasificados
Vehículos,,,https://www.encuentra24.com/panama-es/autos
Alquiler,,,https://www.encuentra24.com/panama-es/bienes-raices-alquiler
Casas,,Panamá,https://www.encuentra24.com/panama-es/bienes-raices-venta-de-propiedades-casas
Panamá Oeste,,"Panamá, Provincia",https://www.encuentra24.com/panama-es/bienes-raices-venta-de-propiedades/panama-es-panama-oeste
Vista de mapa,,,https://www.encuentra24.com/panama-es/bienes-raices-venta-de-propiedades/map?regionslug=prov-panama
Apartamentos (15832),"$162,000","Panamá, Provincia",https://www.encuentra24.com/panama-es/searchresult/bienes-raices-venta-de-propiedades-apartamentos?f_price=600000-®ionslug=prov-panama
Apartamentos (15832),,"Panamá, Provincia",https://www.encuentra24.com/panama-es/searchresult/bienes-raices-venta-de-propiedades-apartamentos?f_price=600000-®ionslug=prov-panama
Apartamentos (15832),,"Panamá, Provincia",https://www.encuentra24.com/panama-es/searchresult/bienes-raices-venta-de-propiedades-apartamentos?f_price=600000-®ionslug=prov-panama
Apartamentos (15832),,"Panamá, Calle",https://www.encuentra24.com/panama-es/searchresult/bienes-raices-venta-de-propiedades-apartamentos?f_price=600000-®ionslug=prov-panama
Apartamentos (15832),,Panamá,https://www.encuentra24.com/panama-es/searchresult/bienes-raices-venta-de-propiedades-apartamentos?f_price=600000-®ionslug=prov-panama
Apartamentos (15832),,Panamá,https://www.encuentra24.com/panama-es/searchresult/bienes-raices-venta-de-propiedades-apartamentos?f_price=600000-®ionslug=prov-panama
Apartamentos (15832),,Panamá,https://www.encuentra24.com/panama-es/searchresult/bienes-raices-venta-de-propiedades-apartamentos?f_price=600000-®ionslug=prov-panama
Locales comerciales y bodegas (975),,,https://www.encuentra24.com/panama-es/searchresult/bienes-raices-venta-de-propiedades-comercios?f_price=600000-®ionslug=prov-panama
"Estacionamientos, sepultura, otros (1)",,,https://www.encuentra24.com/panama-es/searchresult/bienes-raices-venta-de-propiedades-estacionamientos-sepultura-otros?f_price=600000-®ionslug=prov-panama
Gabriel García,"$162,000","Bella Vista, Costa",https://www.encuentra24.com/panama-es/user/profile/id/2624018
Gabriel García,,"Bella Vista, Costa",https://www.encuentra24.com/panama-es/user/profile/id/2624018
Gabriel García,,"Bella Vista, Costa",https://www.encuentra24.com/panama-es/user/profile/id/2624018
Gabriel García,,"Bella Vista, Costa",https://www.encuentra24.com/panama-es/user/profile/id/2624018
Gabriel García,,"Bella Vista, Costa",https://www.encuentra24.com/panama-es/user/profile/id/2624018
Gabriel García,,,https://www.encuentra24.com/panama-es/user/profile/id/2624018
Gabriel García,,,https://www.encuentra24.com/panama-es/user/profile/id/2624018
Cristel Estribi,,Bella Vista,https://www.encuentra24.com/panama-es/user/profile/id/1414842
Cristel Estribi,,Bella Vista,https://www.encuentra24.com/panama-es/user/profile/id/1414842
Rafael Gangi,,Costa,https://www.encuentra24.com/panama-es/user/profile/id/2708290
Rafael Gangi,,Costa,https://www.encuentra24.com/panama-es/user/profile/id/2708290
Costa del Este,,Costa,https://www.encuentra24.com/panama-es/bienes-raices-venta-de-propiedades/prov-panama-ciudad-de-panama-costa-del-este
Life Quality Realtors,,Panamá,https://www.encuentra24.com/panama-es/user/profile/id/12313127
Life Quality Realtors,,Panamá,https://www.encuentra24.com/panama-es/user/profile/id/12313127
Altos de Panamá,,Panamá,https://www.encuentra24.com/panama-es/bienes-raices-venta-de-propiedades/prov-panama-ciudad-de-panama-altos-de-panama
MARISABEL SIERRA,,,https://www.encuentra24.com/panama-es/user/profile/id/15998535
MARISABEL SIERRA,,,https://www.encuentra24.com/panama-es/user/profile/id/15998535
MARISABEL SIERRA,,San Francisco,https://www.encuentra24.com/panama-es/user/profile/id/1414842
MARISABEL SIERRA,,San Francisco,https://www.encuentra24.com/panama-es/user/profile/id/1414842
MARISABEL SIERRA,,Costa,https://www.encuentra24.com/panama-es/user/profile/id/16020859
MARISABEL SIERRA,,Costa,https://www.encuentra24.com/panama-es/user/profile/id/16020859
Costa del Este,,Costa,https://www.encuentra24.com/panama-es/bienes-raices-venta-de-propiedades/prov-panama-ciudad-de-panama-costa-del-este
Rafael Angel,,,https://www.encuentra24.com/panama-es/user/profile/id/995331
Rafael Angel,,,https://www.encuentra24.com/panama-es/user/profile/id/995331
1,"$162,000","Panamá, Provincia",https://www.encuentra24.com/panama-es/searchresult/bienes-raices-venta-de-propiedades?regionslug=prov-panama
1,,,https://www.encuentra24.com/panama-es/searchresult/bienes-raices-venta-de-propiedades?regionslug=prov-panama
Añadir a favoritos,"$162,000","Costa, COSTA",#
Añadir a favoritos,,,#
"PROYECTO GALERIA Tumba Muerto Galeria Towers & Plaza en Via Ricardo J Alfaro ¡Descubre el arte de vivir! El arte de Galeria: Desde la impresionante fachada hasta los detalles más íntimos en los interiores, cada aspecto ha sido concebido para generar ... B/.185,895 72 m2 2 1 2 Contactar ahora",,,https://www.encuentra24.com/panama-es/bienes-raices-proyectos-nuevos/galeria-towers-amp-plaza-en-via-ricardo-j-alfaro/30780583
Añadir a favoritos,,,#
Añadir a favoritos,,,#
"MAKE REALTY Pacora CASA EN VENTA URB ALTOS DE COLINAS CAMPESTRES Se vende casa ubicada en la urbanización Altos de Colinas Campestres. Cercana a estación del metro, escuelas y hospitales Distribución • 2 Recámaras • 1 Baño • 1 Puesto ... B/.49,000 2 1 1 Contactar ahora",,,https://www.encuentra24.com/panama-es/bienes-raices-venta-de-propiedades-casas/casa-en-venta-urb-altos-de-colinas-campestres/30858051
Añadir a favoritos,,,#
Añadir a favoritos,,,#
"MAKE REALTY 12 de Octubre VENTA DE APARTAMENTO EN PH ALTOS DE LA COLINA En venta cómodo apartamento de 71.52m2. Ubicado en Hato Pintado, cerca de la estación del metro 12 de octubre En su distribución cuenta con • 3 Recámaras • 2 Baños • 1 ... B/.99,500 72 m2 3 1 2 Contactar ahora",,,https://www.encuentra24.com/panama-es/bienes-raices-venta-de-propiedades-apartamentos/venta-de-apartamento-en-ph-altos-de-la-colina/30498497
Añadir a favoritos,,,#
Añadir a favoritos,,,#
"MAKE REALTY El Carmen VENTA DE ESPACIO COMERCIAL IDEAL PARA OFICINAS / CONSULTORIOS EN PH SANTA FE Se vende espacio comercial de 125 m2, con adecuaciones para consultorio odontológico. Ubicado en PH Santa Fe, piso bajo. Cuenta con • 3 Consultorios • 2 Oficinas • 2 Baños • ... B/.125,000 125 m2 3 2 2 Contactar ahora",,,https://www.encuentra24.com/panama-es/bienes-raices-venta-de-propiedades-oficinas/venta-de-espacio-comercial-ideal-para-oficinas-consultorios-en-ph-santa-fe/30416509
Añadir a favoritos,,,#
Añadir a favoritos,"$162,000",,#
"MAKE REALTY Río Abajo CASA EN VENTA EN LAS COLINAS RIO ABAJO Bella y espaciosa casa de 372m2 de terreno, ubicada en las colinas, rio abajo. PRECIO DE VENTA RÁPIDA EN AVALÚO $162,000 En su distribución cuenta con • 4 Recámaras • 2 ... B/.155,000 4 2 2 Contactar ahora","$162,000",,https://www.encuentra24.com/panama-es/bienes-raices-venta-de-propiedades-casas/casa-en-venta-en-las-colinas-rio-abajo/31027650
Añadir a favoritos,,,#
Añadir a favoritos,,,#
"MAKE REALTY Chanis VENTA DE CASA EN CHANIS PARQUE LEFEVRE Venta de espaciosa casa ubicada en chanis de 242 m2 de terreno. Cuenta con: • 3 Recámaras • 2 Baños • 3 Puestos de estacionamiento techado B/.165,000 3 2 2 Contactar ahora",,,https://www.encuentra24.com/panama-es/bienes-raices-venta-de-propiedades-casas/venta-de-casa-en-chanis-parque-lefevre/31027639
Añadir a favoritos,,,#
Añadir a favoritos,,"Costa, COSTA",#
"Private Real Estate Costa del Este SE VENDE CASA EN ANTIGUA COSTA DEL ESTE Venta de Residencia Unifamiliar en Costa del Este – PH Antigua Presentamos esta elegante y exclusiva propiedad ubicada en PH Antigua, una de las comunidades residenciales más ... B/.1,395,000 547 m2 4 4 4.5 Contactar ahora",,"Costa, COSTA",https://www.encuentra24.com/panama-es/bienes-raices-venta-de-propiedades-casas/se-vende-casa-en-antigua-costa-del-este/31005943
Añadir a favoritos,,,#
Añadir a favoritos,,Costa,#
"Private Real Estate Costa del Este Venta de casa en Costa del este Ph Royal Pacific Ubicación privilegiada dentro de una de las comunidades más exclusivas de la ciudad. Detalles de la propiedad: Terreno: 1,421 m² Construcción: 921 m² Recámaras: 5 ... B/.2,890,000 921 m2 5 4 4.5 Contactar ahora",,Costa,https://www.encuentra24.com/panama-es/bienes-raices-venta-de-propiedades-casas/venta-de-casa-en-costa-del-este-ph-royal-pacific/30976939
Añadir a favoritos,,,#
Añadir a favoritos,,"Costa, COSTA",#
"Private Real Estate Costa del Este SE VENDE CASA EN ROYAL PACIFIC COSTA DEL ESTE Descubre esta exclusiva residencia en una de las comunidades más prestigiosas de Costa del Este: Royal Pacific. Terreno de esquina de 978 m² 700 m² de construcción de lujo Esta ... B/.1,500,000 -6% 700 m2 4 4 4.5 Contactar ahora",,"Costa, COSTA",https://www.encuentra24.com/panama-es/bienes-raices-venta-de-propiedades-casas/se-vende-casa-en-royal-pacific-costa-del-este/30689476
Añadir a favoritos,,,#
Añadir a favoritos,"$1,250,000","Costa, COSTA",#
"Private Real Estate Costa del Este SE VENDE CASA EN LAS PERLAS COSTA DEL ESTE Se vende casa completamente remodelada y decorada en Las Perlas – Costa del Este Precio de venta: $1,250,000 518 m² de construcción | 580 m² de terreno Te presentamos esta ... B/.1,250,000 518 m2 4 4 4.5 Contactar ahora","$1,250,000","Costa, COSTA",https://www.encuentra24.com/panama-es/bienes-raices-venta-de-propiedades-casas/se-vende-casa-en-las-perlas-costa-del-este/31001915
Añadir a favoritos,,,#
Añadir a favoritos,,Costa,#
"Jose Collado Costa del Este Venta de casa en Costa del este Las Perlas Esta impresionante propiedad ha sido totalmente remodelada y se encuentra en un terreno de 580 m², con una construcción de 491 m². La casa cuenta con 4 amplias recámaras, cada una ... B/.1,100,000 -6% 491 m2 4 2 4.5 Contactar ahora",,Costa,https://www.encuentra24.com/panama-es/bienes-raices-venta-de-propiedades-casas/venta-de-casa-en-costa-del-este-las-perlas/30270959
Añadir a favoritos,,,#
Añadir a favoritos,,Costa,#
"Jose Collado Costa del Este Venta de casa en Costa del Este Las Perlas En venta espectacular casa unifamiliar en Costa del Este – 800 m² de lujo y comodidad Ubicada en un exclusivo condominio privado de Costa del Este, esta impresionante residencia ... B/.1,450,000 800 m2 4 4 5.5 Contactar ahora",,Costa,https://www.encuentra24.com/panama-es/bienes-raices-venta-de-propiedades-casas/venta-de-casa-en-costa-del-este-las-perlas/30496077
Añadir a favoritos,,,#
Añadir a favoritos,,"Costa, COSTA",#
"Jose Collado Costa del Este SE VENDE MANSION EN COSTA DEL ESTE BALMORAL Majestuosa Casa en Venta en Balmoral, Costa del Este – Lujo, Diseño y Exclusividad Vive en una de las propiedades más exclusivas de Panamá. Esta espectacular residencia, con solo ... B/.3,650,000 1226 m2 6 8 7 Contactar ahora",,"Costa, COSTA",https://www.encuentra24.com/panama-es/bienes-raices-venta-de-propiedades-casas/se-vende-mansion-en-costa-del-este-balmoral/30689026
Añadir a favoritos,,,#
Añadir a favoritos,,Costa,#
"Jose Collado Costa del Este Venta de casa AMOBLADA en Costa del Este Costa Las Perlas Ubicada en una zona exclusiva, esta hermosa propiedad ofrece un equilibrio perfecto entre comodidad y elegancia. A continuación, los detalles de la vivienda: Totalmente amoblada ... B/.950,000 -5% 675 m2 4 4 4.5 Contactar ahora",,Costa,https://www.encuentra24.com/panama-es/bienes-raices-venta-de-propiedades-casas/venta-de-casa-amoblada-en-costa-del-este-costa-las-perlas/29775514
Añadir a favoritos,,,#
Añadir a favoritos,,Costa,#
"Private Real Estate Costa del Este Venta de Casa en Costa del este Residencial Royal Pacific Casa de esquina completamente remodelada Terreno: 1,000 m² Construcción: 634 m² Recámaras: 4 Baños: 4.5 (totalmente remodelados) Sala y comedor amplios ... B/.1,800,000 -10% 634 m2 4 2 4.5 Contactar ahora",,Costa,https://www.encuentra24.com/panama-es/bienes-raices-venta-de-propiedades-casas/venta-de-casa-en-costa-del-este-residencial-royal-pacific/30360204
Añadir a favoritos,,,#
Añadir a favoritos,,Avenida,#
"GUSTAVO ROSANIA Avenida Balboa 136MT - LOFT - 2 niveles - PH BAYFRONT - piso alto en VENTA / Cinta Costera Increible loft de 2 niveles en venta con 136 metros cuadrados: Vive en uno de los edificios más icónicos de Avenida Balboa. Este espectacular loft de dos niveles de 136 m² ofrece ... B/.250,000 136 m2 1 1 1.5 Contactar ahora",,Avenida,https://www.encuentra24.com/panama-es/bienes-raices-venta-de-propiedades-apartamentos/136mt-loft-2-niveles-ph-bayfront-piso-alto-en-venta-cinta-costera/31027450
Añadir a favoritos,,,#
Añadir a favoritos,,"Avenida, Panamá",#
"Panama Home Realty Panama Home Realty Avenida Balboa Apartamento bellamente diseñado con 1 recamara ubicado en Avenida Balboa Disfrute de las espectaculares vistas al mar y a la ciudad que ofrece el apartamento, en una de las mejores zonas de Panamá, la Avenida Balboa. El edificio se encuentra a pocas cuadras ... B/.217,000 105 m2 1 1 1.5 Contactar ahora",,"Avenida, Panamá",https://www.encuentra24.com/panama-es/bienes-raices-venta-de-propiedades-apartamentos/apartamento-bellamente-disenado-con-1-recamara-ubicado-en-avenida-balboa/31076019
Añadir a favoritos,,,#
Añadir a favoritos,,"Costa, COSTA",#
"Realty Z Group - Costa del Este PH PARKSIDE - COSTA DEL ESTE - VENTA PH Parkside en Costa del Este, de las areas más exclusivas de Panamá. Ubicado en la Avenida Rotonda cerca de multinacionales, restaurantes, farmacias, clínicas de atención y mucho ... B/.399,000 125 m2 2 2 2 Contactar ahora",,"Costa, COSTA",https://www.encuentra24.com/panama-es/bienes-raices-venta-de-propiedades-apartamentos/ph-parkside-costa-del-este-venta/31041973
Añadir a favoritos,,,#
Añadir a favoritos,"$385,000","Costa, costa",#
"Grupo Preic Costa del Este Apartamento en venta costa del este Ph Brisa Marina CC P.H. Brisa Marina en Costa del este Precio de venta Apartamento $385,000 Distribución: . 172 Metros . 3 Habitaciones . 3 Baños . Cocina . Sala/Comedor . 2 puestos de ... B/.385,000 172 m2 3 2 3 Contactar ahora","$385,000","Costa, costa",https://www.encuentra24.com/panama-es/bienes-raices-venta-de-propiedades-apartamentos/apartamento-en-venta-costa-del-este-ph-brisa-marina-cc/31011092
Añadir a favoritos,,,#
Añadir a favoritos,"$270,000.00",Vía,#
"Javier Martinez Vía Argentina SE VENDE HERMOSO APARTAMENTO EN EL CENTRO DE LA CIUDAD, DECORADO Y AMOBLADO Edificio PH Miró, piso alto. APARTAMENTO TOTALMENTE AMOBLADO Y DECORADO. 3 Recámaras, 3 Baños Completos, Cuarto de empleada. !!!!PRECIO DE AVALUO $270,000.00!!!!! LIbre de ... B/.265,000 126 m2 3 2 3 Contactar ahora","$270,000.00",Vía,https://www.encuentra24.com/panama-es/bienes-raices-venta-de-propiedades-apartamentos/se-vende-hermoso-apartamento-en-el-centro-de-la-ciudad-decorado-y-amoblado/25501687
Añadir a favoritos,,,#
Añadir a favoritos,,,#
"Impulso Pty Santa María SANTA MARIA -Venta de apartamentos -A ESTRENAR YA! DISPONEMOS DE APARTAMENTOS MODELO . COORDINAR CITA A NUETSRO WHATSAPP . APARTAMENTOS DESDE 160 m2 hasta 253 m2 , Proyecto THE IVY,es un proyecto exclusivo con acabados de lujo . Torre ... B/.605,400 160 m2 3 2 3.5 Contactar ahora",,,https://www.encuentra24.com/panama-es/bienes-raices-venta-de-propiedades-apartamentos/santa-maria-venta-de-apartamentos-a-estrenar-ya/31004903
Añadir a favoritos,,,#
Añadir a favoritos,"$1,450,000",,#
"JULIE DUFAUR Santa María ISLAND ESTATES oportunidad $1,450,000 frente lago Una fantastica oportunidad de adquirir su lote en ISLAND ESTATES Lote orientacion OESTE, frente lago, entre casas ya construidas. 1,148.43m2 $1,450,000 Julie le atiende de lunes a ... B/.1,450,000 1148 m2 Contactar ahora","$1,450,000",,https://www.encuentra24.com/panama-es/bienes-raices-venta-de-propiedades-lotes-y-terrenos/island-estates-oportunidad-1-450-000-frente-lago/30732762
Añadir a favoritos,,,#
Añadir a favoritos,"$102,000.","Bella Vista, Ciudad de Panamá",#
"Philip Schlesinger Bella Vista STAY: Apartamentos amoblados al lado del metro en la Ciudad de Panamá STAY es tu oportunidad única para adquirir una inversión de alto retorno en una ubicación privilegiada de la Ciudad de Panamá desde $102,000. La propuesta de STAY es sencilla: ... B/.102,000 33 m2 1 1 Contactar ahora","$102,000.","Bella Vista, Ciudad de Panamá",https://www.encuentra24.com/panama-es/bienes-raices-venta-de-propiedades-apartamentos/stay-apartamentos-amoblados-al-lado-del-metro-en-la-ciudad-de-panama/30329814
Añadir a favoritos,,,#
Añadir a favoritos,,,#
"C.E. Maurice Belanger W. El Ingenio SE VENDE APARTAMENTO DE 2 RECAMARAS EN PH EL INGENIO Se vende apartamento amueblado de 65.71 M2 de 2 recamaras, un bano, cocina cerrada, sala comedor y 1 estacionamiento bajo techo. Excelente ubicacion cerca de la estacion del Metro, en ... B/.85,000 -11% Oportunidad 66 m2 2 1 1 Contactar ahora",,,https://www.encuentra24.com/panama-es/bienes-raices-venta-de-propiedades-apartamentos/se-vende-apartamento-de-2-recamaras-en-ph-el-ingenio/28296121
Añadir a favoritos,,,#
Añadir a favoritos,,Avenida,#
"Titan Group Avenida Balboa BEDROOM APARTMENT WITH OCEAN VIEW ON BALBOA AVENUE UNIQUE OPPORTUNITY! Few units available in this exclusive building. Discover the home of your dreams in one of the city's most privileged locations. This elegant two-bedroom apartment ... B/.219,000 3 m2 2 1 2 Contactar ahora",,Avenida,https://www.encuentra24.com/panama-es/bienes-raices-venta-de-propiedades-apartamentos/bedroom-apartment-with-ocean-view-on-balboa-avenue/30888842
Añadir a favoritos,,,#
Añadir a favoritos,,Panamá,#
"Engel Vöelkers Altos de Golf Venta de apartamento en Altos del Golf - Golf Park Este espacioso e iluminado Apartamento está ubicado en Altos del Golf, una de las zonas más buscada para vivir en Panamá por encontrarse cerca de supermercados, colegios, ... B/.365,000 -1% 208 m2 3 2 2.5 Contactar ahora",,Panamá,https://www.encuentra24.com/panama-es/bienes-raices-venta-de-propiedades-apartamentos/venta-de-apartamento-en-altos-del-golf-golf-park/28375332
Añadir a favoritos,,,#
Añadir a favoritos,,"Costa, COSTA",#
"Private Real Estate Costa del Este SE VENDE APARTAMENTO EN ACQUA 1 COSTA DELE STE Venta de apartamento atípico y exclusivo en PH Acqua 1 – Costa del Este ¡Un apartamento verdaderamente único en uno de los edificios más exclusivos de Costa del Este! Con 572 ... B/.1,950,000 572 m2 4 4 4 Contactar ahora",,"Costa, COSTA",https://www.encuentra24.com/panama-es/bienes-raices-venta-de-propiedades-apartamentos/se-vende-apartamento-en-acqua-1-costa-dele-ste/30993095
Añadir a favoritos,,,#
Añadir a favoritos,,,#
"C.E. Maurice Belanger W. El Cangrejo SE VENDE APARTAMENTO AMUEBLADO EN PH MIRO - EL CANGREJO-REBAJADO Se vende cómodo apartamento amueblado de dos recámaras en el corazón de El Cangrejo. Este inmueble cuenta con una superficie de 125 metros cuadrados y se compone de dos recámaras, ... B/.199,000 -5% Oportunidad 125 m2 2 2 2 Contactar ahora",,,https://www.encuentra24.com/panama-es/bienes-raices-venta-de-propiedades-apartamentos/se-vende-apartamento-amueblado-en-ph-miro-el-cangrejo-rebajado/30447527
Añadir a favoritos,,,#
Añadir a favoritos,"$439,500",,#
"JDF GROUP REALTY Santa María PISO ALTO- COROTU 2 RECS 99m2 desde $439,500k - VISTA AL MAR NUEVO proyecto de VANGUARDIA en Santa María Apartamentos de 2 y 3 recamaras YA INICIAMOS CONSTRUCCIÓN - entrega en 3 años. - Modelo de 2 RECAMARAS- 99.75m2 desde $439,500 ... B/.488,000 100 m2 3 2 3.5 Contactar ahora","$439,500",,https://www.encuentra24.com/panama-es/bienes-raices-venta-de-propiedades-apartamentos/piso-alto-corotu-2-recs-99m2-desde-439-500k-vista-al-mar/28375692
Añadir a favoritos,,,#
Añadir a favoritos,,Avenida,#
"CENTURY 21 INTEGRAL Integral Property Group SA El Ingenio Casa Av. Castilla de Oro, El Ingenio - Betania (RB) Casa unifamiliar de 2 niveles, ubicada en la Avenida Castilla de Oro, El Ingenio – Betania. La propiedad cuenta con 640 m² de terreno y con aproximadamente 280 m² de construcción ... B/.380,000 280 m2 4 5 3 Contactar ahora",,Avenida,https://www.encuentra24.com/panama-es/bienes-raices-venta-de-propiedades-casas/casa-av-castilla-de-oro-el-ingenio-betania-rb/31017903
Añadir a favoritos,,,#
Vehículos,,,https://www.encuentra24.com/panama-es/autos
Acerca de Nosotros,,,https://www.encuentra24.com/pg-quien.html
Acerca de Nosotros,,,https://www.encuentra24.com/pg-quien.html
Acerca de Nosotros,,,https://www.encuentra24.com/pg-quien.html
Acerca de Nosotros,,,https://www.encuentra24.com/pg-quien.html
Estadísticas de Propiedades,,,https://www.encuentra24.com/panama-es/cnad/statistic/type/realestate
Publique un anuncio,,,https://www.encuentra24.com/panama-es/publish
Centro de Seguridad,,,https://seguridad.encuentra24.com
